A,B,Thermistor,Unit
-0.2327,-0.98392,0.2491,0
-0.19898,-0.95264,0.25200,10
-0.09552,-0.78036,0.25014,20
0.02838,-0.58855,0.24900,30
0.16327,-0.37828,0.24500,40
0.30457,-0.16175,0.2400,50
0.41963,0.01801,0.2350,60